Spalte1,Gender/Noun classes,Enclitic PL,Oblique Nouns,Ergative morphology,3 Numbers in Pronoun,Inclusive/Exclusive distinction,Classifier,from' = 'to',place' = LOC,side' = ALLATIVE,Alienable/Inalienable,Genitive = FOC,GEN as PTCP or INF marker,GEN = PERS marker,GEN in COP,Suppletive ID/LOC COP,Suppletive POS/NEG COP,Finite marker,Object marking on Predicate,Anticipatory category,QPRO = REL,start' = 'continue',want' = 'search',Q = CMPL,Noun incorporation,Active/Passive opposiion,Number neutralization,i-Reduplication
Kharia_SM,1,1,0,0,1,1,1,2,1,1,2,1,0,0,1,1,1,0,0,1,1,1,1,1,2,1,2,1
Santali_NM,2,1,0,0,1,1,1,2,?,?,2,?,1,2,1,1,1,2,1,1,1,2,?,?,0,0,2,1
Mundari_NM,2,1,0,0,1,1,1,2,?,?,2,?,1,2,1,1,1,2,1,1,1,1,?,?,2,0,2,1
Ho_NM,2,1,0,0,1,1,1,?,?,?,2,?,1,1,1,1,1,2,1,1,1,1,?,1,2,0,2,?
Remo_SM,1,1,0,0,1,0,1,?,?,?,2,?,?,0,0,?,1,0,0,?,?,?,?,?,2,0,1,?
Juang_SM,1,1,0,0,1,0,1,?,?,?,2,1,?,0,0,0,0,0,1,1,?,?,?,?,2,1,2,?
Gorum_SM,1,1,0,0,0,0,0,0,1,0,2,?,1,0,0,0,1,0,1,1,0,0,0,0,2,0,1,?
Gutob_SM,1,1,0,0,0,0,1,0,0,0,1,0,1,0,0,0,1,0,0,2,1,1,0,0,2,0,2,1
Korku_NM,1,1,0,0,1,1,?,?,?,?,2,?,?,0,1,1,1,1,2,?,?,1,?,1,0,0,2,0
Sora_SM,1,1,0,0,0,0,0,?,?,?,2,?,?,0,0,?,1,0,1,3,1,?,?,?,1,0,2,0
Gta_SM,1,1,0,0,1,1,1,?,?,?,2,1,1,0,0,?,1,0,0,2,1,?,?,?,1,?,1,1
Sadri_IA,1,1,0,0,0,0,2,1,1,0,1,1,1,1,1,1,1,1,0,2,0,1,1,1,0,1,2,1
Bengali_IA,1,1,0,0,0,0,2,1,1,1,0,0,0,1,1,1,1,0,0,2,0,1,0,1,0,1,1,1
Maithili_IA,1,1,0,0,0,0,1,0,1,1,0,0,0,1,1,0,0,0,1,0,0,0,0,1,0,1,1,?
Oriya_IA,1,1,0,0,0,2,2,0,?,?,0,1,0,0,0,1,1,0,0,2,0,?,?,1,0,1,2,1
Bhojpuri_IA,1,1,0,0,0,0,1,0,?,?,?,?,?,0,1,1,1,0,0,0,?,?,?,?,0,1,2,1
Hindi_IA,2,0,1,1,0,0,0,0,0,0,0,0,0,0,0,0,0,0,4,0,0,0,0,0,0,1,0,0
Nepali_IA,2,1,1,1,0,0,1,0,0,1,0,0,1,0,0,1,0,0,0,0,0,0,1,1,0,?,2,1
Darai_IA,1,1,1,1,0,0,1,0,0,1,2,?,0,1,?,1,0,?,1,?,0,?,1,0,?,?,2,1
Konkani_IA,3,0,1,1,0,0,0,2,0,0,0,1,1,1,0,0,1,0,4,0,1,?,0,0,0,0,0,?
Marathi_IA,3,0,1,1,0,1,0,0,0,0,0,1,1,1,0,0,1,0,4,0,0,0,0,0,0,1,0,2
Braj_IA,2,0,1,1,0,0,0,0,0,0,?,?,1,0,0,0,0,0,4,?,?,?,0,?,0,1,0,?
Kurukh_DR,2,1,0,0,0,1,1,0,0,1,2,0,0,0,1,1,1,0,0,1,1,1,1,1,0,1,1,0
Malto_DR,2,1,0,0,0,1,1,0,0,0,2,0,0,0,0,1,1,0,0,?,1,0,?,?,0,1,1,0
Brahui_DR,1,2,0,0,0,0,0,0,?,?,?,?,0,0,0,0,1,0,0,0,0,?,?,?,0,1,0,?
Kannada_DR,3,2,2,0,0,0,1,0,?,?,0,0,1,0,0,1,1,0,0,0,1,0,?,0,0,1,2,2
Telugu_DR,2,2,2,0,0,1,1,?,?,?,0,0,0,0,0,1,1,0,0,?,?,?,?,?,0,1,0,?
Kuvi_DR,3,0,2,0,0,1,1,?,?,1,3,?,?,0,0,1,1,0,3,2,?,0,?,?,0,0,0,2
Kui_DR,2,0,2,0,0,1,1,0,?,?,3,0,?,0,0,1,1,0,3,?,1,?,?,?,0,0,2,?
